{"cameraMode":{"drawMode":0,"name":"Shaded","section":"Shading Mode"},"sceneLighting":true,"audioPlay":false,"sceneViewState":{"m_AlwaysRefresh":false,"showFog":true,"showSkybox":true,"showFlares":true,"showImageEffects":true,"showParticleSystems":true,"showVisualEffectGraphs":true,"m_FxEnabled":true},"in2DMode":false,"pivot":{"x":-1.0518646240234376,"y":9.087510108947754,"z":79.79253387451172},"rotation":{"x":0.0767073854804039,"y":-0.022427449002861978,"z":0.001854514586739242,"w":0.9967163801193237},"size":57.10843276977539,"orthographic":false}