{"cameraMode":{"drawMode":0,"name":"Shaded","section":"Shading Mode"},"sceneLighting":true,"audioPlay":false,"sceneViewState":{"m_AlwaysRefresh":false,"showFog":true,"showSkybox":true,"showFlares":true,"showImageEffects":true,"showParticleSystems":true,"showVisualEffectGraphs":true,"m_FxEnabled":true},"in2DMode":false,"pivot":{"x":0.0001189112663269043,"y":0.9816336035728455,"z":-0.011684074997901917},"rotation":{"x":-0.05445336923003197,"y":0.9414435029029846,"z":-0.2761366069316864,"w":-0.1856500804424286},"size":2.299250841140747,"orthographic":false}