{"cameraMode":{"drawMode":0,"name":"Shaded","section":"Shading Mode"},"sceneLighting":false,"audioPlay":false,"sceneViewState":{"m_AlwaysRefresh":false,"showFog":true,"showSkybox":false,"showFlares":true,"showImageEffects":true,"showParticleSystems":true,"showVisualEffectGraphs":true,"m_FxEnabled":true},"in2DMode":false,"pivot":{"x":4.76837158203125e-7,"y":0.9249404072761536,"z":-0.039804041385650638},"rotation":{"x":-0.0012541553005576134,"y":-0.9936769604682922,"z":0.11106567084789276,"w":-0.01013358123600483},"size":2.4868810176849367,"orthographic":false}